"Timestamp","Type","Value"
"2024-03-03 00:00:00","Sleep Hours","10.85"
"2024-03-03 00:00:00","Time In Deep Sleep","1.66666662693024"
"2024-03-03 00:00:00","Time In Light Sleep","8.80000019073486"
"2024-03-03 00:00:00","Time In REM Sleep","0.383333325386047"
"2024-03-03 00:00:00","Time Awake","0.133333340287209"
"2024-03-03 00:00:00","Pulse","50"
"2024-03-03 00:00:00","Stress Level","Max : 99 / Avg : 23"
"2024-03-03 00:00:00","Stress Qualifier","balanced"
"2024-03-03 00:00:00","Body Battery","Min : 40 / Max : 87 / Avg : 64"
"2024-03-03 08:18:28","Weight Kilograms","80.20"
"2024-03-04 00:00:00","Sleep Hours","8.12"
"2024-03-04 00:00:00","Time In Deep Sleep","1.73333334922791"
"2024-03-04 00:00:00","Time In Light Sleep","5.23333311080933"
"2024-03-04 00:00:00","Time In REM Sleep","1.14999997615814"
"2024-03-04 00:00:00","Time Awake","0.416666656732559"
"2024-03-04 00:00:00","Pulse","49"
"2024-03-04 00:00:00","Stress Level","Max : 100 / Avg : 27"
"2024-03-04 00:00:00","Stress Qualifier","balanced"
"2024-03-04 00:00:00","Body Battery","Min : 28 / Max : 83 / Avg : 55"
"2024-03-04 07:05:02","Weight Kilograms","79.80"
"2024-03-05 00:00:00","Sleep Hours","8.35"
"2024-03-05 00:00:00","Time In Deep Sleep","0.766666650772095"
"2024-03-05 00:00:00","Time In Light Sleep","6.71666669845581"
"2024-03-05 00:00:00","Time In REM Sleep","0.866666674613953"
"2024-03-05 00:00:00","Time Awake","0.850000023841858"
"2024-03-05 00:00:00","Pulse","49"
"2024-03-05 00:00:00","Stress Level","Max : 91 / Avg : 22"
"2024-03-05 00:00:00","Stress Qualifier","balanced"
"2024-03-05 00:00:00","Body Battery","Min : 31 / Max : 87 / Avg : 57"
"2024-03-05 06:39:17","Weight Kilograms","79.80"
"2024-03-06 00:00:00","Sleep Hours","8.40"
"2024-03-06 00:00:00","Time In Deep Sleep","1.23333334922791"
"2024-03-06 00:00:00","Time In Light Sleep","5.96666669845581"
"2024-03-06 00:00:00","Time In REM Sleep","1.20000004768372"
"2024-03-06 00:00:00","Time Awake","0.25"
"2024-03-06 00:00:00","Pulse","51"
"2024-03-06 00:00:00","Stress Level","Max : 99 / Avg : 23"
"2024-03-06 00:00:00","Stress Qualifier","balanced"
"2024-03-06 00:00:00","Body Battery","Min : 28 / Max : 87 / Avg : 56"
"2024-03-06 07:09:46","Weight Kilograms","79.80"
"2024-03-07 00:00:00","Sleep Hours","8.62"
"2024-03-07 00:00:00","Time In Deep Sleep","0.866666674613953"
"2024-03-07 00:00:00","Time In Light Sleep","6.46666669845581"
"2024-03-07 00:00:00","Time In REM Sleep","1.28333330154419"
"2024-03-07 00:00:00","Time Awake","0.566666662693024"
"2024-03-07 00:00:00","Pulse","50"
"2024-03-07 00:00:00","Stress Level","Max : 95 / Avg : 21"
"2024-03-07 00:00:00","Stress Qualifier","calm"
"2024-03-07 00:00:00","Body Battery","Min : 36 / Max : 85 / Avg : 59"
"2024-03-07 07:22:18","Weight Kilograms","80.20"
"2024-03-08 00:00:00","Sleep Hours","8.65"
"2024-03-08 00:00:00","Time In Deep Sleep","1.20000004768372"
"2024-03-08 00:00:00","Time In Light Sleep","5.63333320617676"
"2024-03-08 00:00:00","Time In REM Sleep","1.81666672229767"
"2024-03-08 00:00:00","Time Awake","0.266666680574417"
"2024-03-08 00:00:00","Pulse","51"
"2024-03-08 00:00:00","Stress Level","Max : 96 / Avg : 23"
"2024-03-08 00:00:00","Stress Qualifier","balanced"
"2024-03-08 00:00:00","Body Battery","Min : 33 / Max : 90 / Avg : 66"
"2024-03-08 06:42:47","Weight Kilograms","79.90"
"2024-03-09 00:00:00","Sleep Hours","8.27"
"2024-03-09 00:00:00","Time In Deep Sleep","1.79999995231628"
"2024-03-09 00:00:00","Time In Light Sleep","5.03333330154419"
"2024-03-09 00:00:00","Time In REM Sleep","1.43333327770233"
"2024-03-09 00:00:00","Time Awake","0.533333361148834"
"2024-03-09 00:00:00","Pulse","51"
"2024-03-09 00:00:00","Stress Level","Max : 96 / Avg : 21"
"2024-03-09 00:00:00","Stress Qualifier","calm"
"2024-03-09 00:00:00","Body Battery","Min : 36 / Max : 88 / Avg : 65"
"2024-03-09 07:45:19","Weight Kilograms","80.40"
"2024-03-10 00:00:00","Sleep Hours","8.35"
"2024-03-10 00:00:00","Time In Deep Sleep","1.45000004768372"
"2024-03-10 00:00:00","Time In Light Sleep","5.48333311080933"
"2024-03-10 00:00:00","Time In REM Sleep","1.41666662693024"
"2024-03-10 00:00:00","Time Awake","0.899999976158142"
"2024-03-10 00:00:00","Pulse","50"
"2024-03-10 00:00:00","Stress Level","Max : 96 / Avg : 20"
"2024-03-10 00:00:00","Stress Qualifier","calm"
"2024-03-10 00:00:00","Body Battery","Min : 46 / Max : 95 / Avg : 71"
"2024-03-10 07:18:18","Weight Kilograms","79.80"
"2024-03-11 00:00:00","Sleep Hours","8.88"
"2024-03-11 00:00:00","Time In Deep Sleep","1.93333327770233"
"2024-03-11 00:00:00","Time In Light Sleep","5.5"
"2024-03-11 00:00:00","Time In REM Sleep","1.45000004768372"
"2024-03-11 00:00:00","Time Awake","0.716666638851166"
"2024-03-11 00:00:00","Pulse","51"
"2024-03-11 00:00:00","Stress Level","Max : 84 / Avg : 20"
"2024-03-11 00:00:00","Stress Qualifier","calm"
"2024-03-11 00:00:00","Body Battery","Min : 41 / Max : 90 / Avg : 68"
"2024-03-11 07:24:00","Weight Kilograms","80.20"
"2024-03-12 00:00:00","Sleep Hours","7.45"
"2024-03-12 00:00:00","Time In Deep Sleep","1.20000004768372"
"2024-03-12 00:00:00","Time In Light Sleep","4.84999990463257"
"2024-03-12 00:00:00","Time In REM Sleep","1.39999997615814"
"2024-03-12 00:00:00","Time Awake","0.16666667163372"
"2024-03-12 00:00:00","Pulse","50"
"2024-03-12 00:00:00","Stress Level","Max : 90 / Avg : 20"
"2024-03-12 00:00:00","Stress Qualifier","calm"
"2024-03-12 00:00:00","Body Battery","Min : 33 / Max : 91 / Avg : 64"
"2024-03-12 07:35:19","Weight Kilograms","80.10"
"2024-03-13 00:00:00","Sleep Hours","8.53"
"2024-03-13 00:00:00","Time In Deep Sleep","1.60000002384186"
"2024-03-13 00:00:00","Time In Light Sleep","5.71666669845581"
"2024-03-13 00:00:00","Time In REM Sleep","1.21666669845581"
"2024-03-13 00:00:00","Time Awake","0.616666674613953"
"2024-03-13 00:00:00","Pulse","48"
"2024-03-13 00:00:00","Stress Level","Max : 99 / Avg : 18"
"2024-03-13 00:00:00","Stress Qualifier","calm"
"2024-03-13 00:00:00","Body Battery","Min : 45 / Max : 97 / Avg : 72"
"2024-03-13 07:47:27","Weight Kilograms","79.50"
"2024-03-14 00:00:00","Sleep Hours","9.17"
"2024-03-14 00:00:00","Time In Deep Sleep","1.29999995231628"
"2024-03-14 00:00:00","Time In Light Sleep","6.21666669845581"
"2024-03-14 00:00:00","Time In REM Sleep","1.64999997615814"
"2024-03-14 00:00:00","Time Awake","0.966666638851166"
"2024-03-14 00:00:00","Pulse","50"
"2024-03-14 00:00:00","Stress Level","Max : 84 / Avg : 21"
"2024-03-14 00:00:00","Stress Qualifier","calm"
"2024-03-14 00:00:00","Body Battery","Min : 41 / Max : 95 / Avg : 69"
"2024-03-14 08:18:33","Weight Kilograms","79.30"
"2024-03-15 00:00:00","Sleep Hours","10.28"
"2024-03-15 00:00:00","Time In Deep Sleep","1.28333330154419"
"2024-03-15 00:00:00","Time In Light Sleep","7.73333311080933"
"2024-03-15 00:00:00","Time In REM Sleep","1.26666665077209"
"2024-03-15 00:00:00","Time Awake","0.583333313465118"
"2024-03-15 00:00:00","Pulse","53"
"2024-03-15 00:00:00","Stress Level","Max : 98 / Avg : 22"
"2024-03-15 00:00:00","Stress Qualifier","calm"
"2024-03-15 00:00:00","Body Battery","Min : 33 / Max : 76 / Avg : 56"
"2024-03-15 06:48:21","Weight Kilograms","78.80"
"2024-03-16 00:00:00","Sleep Hours","9.12"
"2024-03-16 00:00:00","Time In Deep Sleep","1.11666667461395"
"2024-03-16 00:00:00","Time In Light Sleep","6.78333330154419"
"2024-03-16 00:00:00","Time In REM Sleep","1.21666669845581"
"2024-03-16 00:00:00","Time Awake","0.333333343267441"
"2024-03-16 00:00:00","Pulse","50"
"2024-03-16 00:00:00","Stress Level","Max : 99 / Avg : 21"
"2024-03-16 00:00:00","Stress Qualifier","calm"
"2024-03-16 00:00:00","Body Battery","Min : 40 / Max : 94 / Avg : 66"
"2024-03-16 06:53:00","Weight Kilograms","78.60"
"2024-03-17 00:00:00","Sleep Hours","9.18"
"2024-03-17 00:00:00","Time In Deep Sleep","0.850000023841858"
"2024-03-17 00:00:00","Time In Light Sleep","7.40000009536743"
"2024-03-17 00:00:00","Time In REM Sleep","0.933333337306976"
"2024-03-17 00:00:00","Time Awake","0.600000023841858"
"2024-03-17 00:00:00","Pulse","51"
"2024-03-17 00:00:00","Stress Level","Max : 81 / Avg : 20"
"2024-03-17 00:00:00","Stress Qualifier","calm"
"2024-03-17 00:00:00","Body Battery","Min : 47 / Max : 84 / Avg : 65"
"2024-03-17 07:41:26","Weight Kilograms","80.10"
"2024-03-18 00:00:00","Sleep Hours","10.08"
"2024-03-18 00:00:00","Time In Deep Sleep","0.899999976158142"
"2024-03-18 00:00:00","Time In Light Sleep","7.75"
"2024-03-18 00:00:00","Time In REM Sleep","1.43333327770233"
"2024-03-18 00:00:00","Time Awake","0.216666668653488"
"2024-03-18 00:00:00","Pulse","48"
"2024-03-18 00:00:00","Stress Level","Max : 97 / Avg : 19"
"2024-03-18 00:00:00","Stress Qualifier","calm"
"2024-03-18 00:00:00","Body Battery","Min : 45 / Max : 100 / Avg : 73"
"2024-03-18 08:22:19","Weight Kilograms","80.70"
"2024-03-19 00:00:00","Sleep Hours","9.97"
"2024-03-19 00:00:00","Time In Deep Sleep","1.06666672229767"
"2024-03-19 00:00:00","Time In Light Sleep","5.93333339691162"
"2024-03-19 00:00:00","Time In REM Sleep","2.96666669845581"
"2024-03-19 00:00:00","Time Awake","0.666666686534882"
"2024-03-19 00:00:00","Pulse","49"
"2024-03-19 00:00:00","Stress Level","Max : 95 / Avg : 23"
"2024-03-19 00:00:00","Stress Qualifier","calm"
"2024-03-19 00:00:00","Body Battery","Min : 33 / Max : 98 / Avg : 69"
"2024-03-19 08:08:28","Weight Kilograms","79.90"
"2024-03-20 00:00:00","Sleep Hours","7.95"
"2024-03-20 00:00:00","Time In Deep Sleep","1.03333330154419"
"2024-03-20 00:00:00","Time In Light Sleep","5.81666660308838"
"2024-03-20 00:00:00","Time In REM Sleep","1.10000002384186"
"2024-03-20 00:00:00","Time Awake","0.16666667163372"
"2024-03-20 00:00:00","Pulse","52"
"2024-03-20 00:00:00","Stress Level","Max : 99 / Avg : 22"
"2024-03-20 00:00:00","Stress Qualifier","calm"
"2024-03-20 00:00:00","Body Battery","Min : 33 / Max : 86 / Avg : 60"
"2024-03-20 07:12:17","Weight Kilograms","79.20"
"2024-03-21 00:00:00","Sleep Hours","9.17"
"2024-03-21 00:00:00","Time In Deep Sleep","1.5"
"2024-03-21 00:00:00","Time In Light Sleep","5.98333311080933"
"2024-03-21 00:00:00","Time In REM Sleep","1.68333327770233"
"2024-03-21 00:00:00","Time Awake","0.0500000007450581"
"2024-03-21 00:00:00","Pulse","46"
"2024-03-21 00:00:00","Stress Level","Max : 98 / Avg : 17"
"2024-03-21 00:00:00","Stress Qualifier","calm"
"2024-03-21 00:00:00","Body Battery","Min : 41 / Max : 100 / Avg : 72"
"2024-03-21 07:14:24","Weight Kilograms","78.90"
"2024-03-22 00:00:00","Sleep Hours","9.17"
"2024-03-22 00:00:00","Time In Deep Sleep","1.41666662693024"
"2024-03-22 00:00:00","Time In Light Sleep","6.06666660308838"
"2024-03-22 00:00:00","Time In REM Sleep","1.68333327770233"
"2024-03-22 00:00:00","Time Awake","0.649999976158142"
"2024-03-22 00:00:00","Pulse","50"
"2024-03-22 00:00:00","Stress Level","Max : 83 / Avg : 21"
"2024-03-22 00:00:00","Stress Qualifier","calm"
"2024-03-22 00:00:00","Body Battery","Min : 35 / Max : 88 / Avg : 63"
"2024-03-22 07:38:29","Weight Kilograms","79.30"
"2024-03-23 00:00:00","Sleep Hours","7.62"
"2024-03-23 00:00:00","Time In Deep Sleep","0.416666656732559"
"2024-03-23 00:00:00","Time In Light Sleep","5.55000019073486"
"2024-03-23 00:00:00","Time In REM Sleep","1.64999997615814"
"2024-03-23 00:00:00","Time Awake","0.483333319425583"
"2024-03-23 00:00:00","Pulse","48"
"2024-03-23 00:00:00","Stress Level","Max : 99 / Avg : 23"
"2024-03-23 00:00:00","Stress Qualifier","balanced"
"2024-03-23 00:00:00","Body Battery","Min : 37 / Max : 97 / Avg : 68"
"2024-03-23 07:05:24","Weight Kilograms","79.50"
"2024-03-24 00:00:00","Pulse","52"
"2024-03-24 00:00:00","Stress Level","Max : 96 / Avg : 23"
"2024-03-24 00:00:00","Stress Qualifier","balanced"
"2024-03-24 00:00:00","Body Battery","Min : 44 / Max : 81 / Avg : 60"
"2024-03-24 00:00:00","Sleep Hours","5.57"
"2024-03-24 00:00:00","Time In Deep Sleep","1.63333332538605"
"2024-03-24 00:00:00","Time In Light Sleep","3.51666665077209"
"2024-03-24 00:00:00","Time In REM Sleep","0.416666656732559"
"2024-03-24 00:00:00","Time Awake","0.466666668653488"
"2024-03-24 08:11:19","Weight Kilograms","80.60"
"2024-03-25 00:00:00","Sleep Hours","9.55"
"2024-03-25 00:00:00","Time In Deep Sleep","1"
"2024-03-25 00:00:00","Time In Light Sleep","6.06666660308838"
"2024-03-25 00:00:00","Time In REM Sleep","2.48333334922791"
"2024-03-25 00:00:00","Time Awake","0.0500000007450581"
"2024-03-25 00:00:00","Pulse","50"
"2024-03-25 00:00:00","Stress Level","Max : 93 / Avg : 19"
"2024-03-25 00:00:00","Stress Qualifier","calm"
"2024-03-25 00:00:00","Body Battery","Min : 44 / Max : 95 / Avg : 71"
"2024-03-25 07:42:07","Weight Kilograms","79.20"
"2024-03-26 00:00:00","Sleep Hours","9.67"
"2024-03-26 00:00:00","Time In Deep Sleep","1"
"2024-03-26 00:00:00","Time In Light Sleep","7.11666679382324"
"2024-03-26 00:00:00","Time In REM Sleep","1.54999995231628"
"2024-03-26 00:00:00","Time Awake","1.11666667461395"
"2024-03-26 00:00:00","Pulse","50"
"2024-03-26 00:00:00","Stress Level","Max : 98 / Avg : 20"
"2024-03-26 00:00:00","Stress Qualifier","calm"
"2024-03-26 00:00:00","Body Battery","Min : 32 / Max : 96 / Avg : 69"
"2024-03-26 06:44:32","Weight Kilograms","80.20"
"2024-03-27 00:00:00","Sleep Hours","8.93"
"2024-03-27 00:00:00","Time In Deep Sleep","0.666666686534882"
"2024-03-27 00:00:00","Time In Light Sleep","7.11666679382324"
"2024-03-27 00:00:00","Time In REM Sleep","1.14999997615814"
"2024-03-27 00:00:00","Time Awake","0.383333325386047"
"2024-03-27 00:00:00","Pulse","49"
"2024-03-27 00:00:00","Stress Level","Max : 96 / Avg : 19"
"2024-03-27 00:00:00","Stress Qualifier","calm"
"2024-03-27 00:00:00","Body Battery","Min : 40 / Max : 93 / Avg : 66"
"2024-03-27 07:54:49","Weight Kilograms","79.70"
"2024-03-28 00:00:00","Sleep Hours","8.48"
"2024-03-28 00:00:00","Time In Deep Sleep","0.850000023841858"
"2024-03-28 00:00:00","Time In Light Sleep","6.01666688919067"
"2024-03-28 00:00:00","Time In REM Sleep","1.41666662693024"
"2024-03-28 00:00:00","Time Awake","0.216666668653488"
"2024-03-28 00:00:00","Pulse","49"
"2024-03-28 00:00:00","Stress Level","Max : 98 / Avg : 19"
"2024-03-28 00:00:00","Stress Qualifier","calm"
"2024-03-28 00:00:00","Body Battery","Min : 39 / Max : 98 / Avg : 69"
"2024-03-28 07:43:08","Weight Kilograms","79.70"
"2024-03-29 00:00:00","Sleep Hours","9.30"
"2024-03-29 00:00:00","Time In Deep Sleep","0.833333313465118"
"2024-03-29 00:00:00","Time In Light Sleep","6.23333311080933"
"2024-03-29 00:00:00","Time In REM Sleep","2.23333334922791"
"2024-03-29 00:00:00","Time Awake","0.16666667163372"
"2024-03-29 00:00:00","Pulse","50"
"2024-03-29 00:00:00","Stress Level","Max : 99 / Avg : 20"
"2024-03-29 00:00:00","Stress Qualifier","calm"
"2024-03-29 00:00:00","Body Battery","Min : 37 / Max : 94 / Avg : 73"
"2024-03-29 08:50:34","Weight Kilograms","79.30"
"2024-03-30 00:00:00","Pulse","49"
"2024-03-30 00:00:00","Stress Level","Max : 92 / Avg : 21"
"2024-03-30 00:00:00","Stress Qualifier","calm"
"2024-03-30 00:00:00","Body Battery","Min : 37 / Max : 100 / Avg : 68"
"2024-03-30 00:00:00","Sleep Hours","8.23"
"2024-03-30 00:00:00","Time In Deep Sleep","1.60000002384186"
"2024-03-30 00:00:00","Time In Light Sleep","5.5"
"2024-03-30 00:00:00","Time In REM Sleep","1.13333332538605"
"2024-03-30 00:00:00","Time Awake","0.133333340287209"
"2024-03-30 09:18:19","Weight Kilograms","79.20"
"2024-03-31 00:00:00","Pulse","48"
"2024-03-31 00:00:00","Stress Level","Max : 85 / Avg : 18"
"2024-03-31 00:00:00","Stress Qualifier","calm"
"2024-03-31 00:00:00","Body Battery","Min : 36 / Max : 89 / Avg : 67"
"2024-03-31 00:00:00","Sleep Hours","8.05"
"2024-03-31 00:00:00","Time In Deep Sleep","1.11666667461395"
"2024-03-31 00:00:00","Time In Light Sleep","5.48333311080933"
"2024-03-31 00:00:00","Time In REM Sleep","1.45000004768372"
"2024-03-31 00:00:00","Time Awake","0.266666680574417"
"2024-03-31 10:59:59","Weight Kilograms","79.40"
"2024-04-01 00:00:00","Sleep Hours","9.85"
"2024-04-01 00:00:00","Time In Deep Sleep","1.75"
"2024-04-01 00:00:00","Time In Light Sleep","6.30000019073486"
"2024-04-01 00:00:00","Time In REM Sleep","1.79999995231628"
"2024-04-01 00:00:00","Time Awake","0.316666662693024"
"2024-04-01 00:00:00","Pulse","45"
"2024-04-01 00:00:00","Stress Level","Max : 97 / Avg : 15"
"2024-04-01 00:00:00","Stress Qualifier","calm"
"2024-04-01 00:00:00","Body Battery","Min : 48 / Max : 100 / Avg : 78"
"2024-04-01 10:03:33","Weight Kilograms","79.80"
"2024-04-02 00:00:00","Sleep Hours","10.27"
"2024-04-02 00:00:00","Time In Deep Sleep","0.933333337306976"
"2024-04-02 00:00:00","Time In Light Sleep","8.33333301544189"
"2024-04-02 00:00:00","Time In REM Sleep","1"
"2024-04-02 00:00:00","Time Awake","0.616666674613953"
"2024-04-02 00:00:00","Pulse","45"
"2024-04-02 00:00:00","Stress Level","Max : 93 / Avg : 18"
"2024-04-02 00:00:00","Stress Qualifier","calm"
"2024-04-02 00:00:00","Body Battery","Min : 46 / Max : 100 / Avg : 78"
"2024-04-02 09:22:36","Weight Kilograms","79.90"
"2024-04-03 00:00:00","Sleep Hours","8.38"
"2024-04-03 00:00:00","Time In Deep Sleep","1.48333334922791"
"2024-04-03 00:00:00","Time In Light Sleep","5.08333349227905"
"2024-04-03 00:00:00","Time In REM Sleep","1.81666672229767"
"2024-04-03 00:00:00","Time Awake","0.233333334326744"
"2024-04-03 00:00:00","Pulse","49"
"2024-04-03 00:00:00","Stress Level","Max : 99 / Avg : 18"
"2024-04-03 00:00:00","Stress Qualifier","calm"
"2024-04-03 00:00:00","Body Battery","Min : 44 / Max : 96 / Avg : 71"
"2024-04-03 07:27:35","Weight Kilograms","79.10"
"2024-04-04 00:00:00","Sleep Hours","10.25"
"2024-04-04 00:00:00","Time In Deep Sleep","1.36666667461395"
"2024-04-04 00:00:00","Time In Light Sleep","6.38333320617676"
"2024-04-04 00:00:00","Time In REM Sleep","2.5"
"2024-04-04 00:00:00","Time Awake","0.300000011920929"
"2024-04-04 00:00:00","Pulse","48"
"2024-04-04 00:00:00","Stress Level","Max : 100 / Avg : 23"
"2024-04-04 00:00:00","Stress Qualifier","calm"
"2024-04-04 00:00:00","Body Battery","Min : 30 / Max : 100 / Avg : 66"
"2024-04-04 09:04:47","Weight Kilograms","79.20"
"2024-04-05 00:00:00","Sleep Hours","9.12"
"2024-04-05 00:00:00","Time In Deep Sleep","0.916666686534882"
"2024-04-05 00:00:00","Time In Light Sleep","6.23333311080933"
"2024-04-05 00:00:00","Time In REM Sleep","1.96666669845581"
"2024-04-05 00:00:00","Time Awake","0.0666666701436043"
"2024-04-05 00:00:00","Pulse","50"
"2024-04-05 00:00:00","Stress Level","Max : 80 / Avg : 16"
"2024-04-05 00:00:00","Stress Qualifier","calm"
"2024-04-05 00:00:00","Body Battery","Min : 35 / Max : 93 / Avg : 72"
"2024-04-05 08:15:09","Weight Kilograms","78.90"
"2024-04-06 00:00:00","Sleep Hours","8.77"
"2024-04-06 00:00:00","Time In Deep Sleep","1.41666662693024"
"2024-04-06 00:00:00","Time In Light Sleep","5.86666679382324"
"2024-04-06 00:00:00","Time In REM Sleep","1.48333334922791"
"2024-04-06 00:00:00","Time Awake","0.300000011920929"
"2024-04-06 00:00:00","Pulse","46"
"2024-04-06 00:00:00","Stress Level","Max : 96 / Avg : 18"
"2024-04-06 00:00:00","Stress Qualifier","calm"
"2024-04-06 00:00:00","Body Battery","Min : 35 / Max : 100 / Avg : 72"
"2024-04-06 07:43:12","Weight Kilograms","79.80"
"2024-04-07 00:00:00","Sleep Hours","9.60"
"2024-04-07 00:00:00","Time In Deep Sleep","1.13333332538605"
"2024-04-07 00:00:00","Time In Light Sleep","6.48333311080933"
"2024-04-07 00:00:00","Time In REM Sleep","1.98333334922791"
"2024-04-07 00:00:00","Time Awake","0.616666674613953"
"2024-04-07 00:00:00","Pulse","50"
"2024-04-07 00:00:00","Stress Level","Max : 94 / Avg : 21"
"2024-04-07 00:00:00","Stress Qualifier","calm"
"2024-04-07 00:00:00","Body Battery","Min : 38 / Max : 90 / Avg : 67"
"2024-04-07 10:05:12","Weight Kilograms","79.90"
"2024-04-08 00:00:00","Sleep Hours","8.67"
"2024-04-08 00:00:00","Time In Deep Sleep","1.35000002384186"
"2024-04-08 00:00:00","Time In Light Sleep","5.34999990463257"
"2024-04-08 00:00:00","Time In REM Sleep","1.96666669845581"
"2024-04-08 00:00:00","Time Awake","0.0166666675359011"
"2024-04-08 00:00:00","Pulse","46"
"2024-04-08 00:00:00","Stress Level","Max : 81 / Avg : 14"
"2024-04-08 00:00:00","Stress Qualifier","calm"
"2024-04-08 00:00:00","Body Battery","Min : 57 / Max : 100 / Avg : 79"
"2024-04-08 06:40:35","Weight Kilograms","79.50"
"2024-04-09 00:00:00","Sleep Hours","8.30"
"2024-04-09 00:00:00","Time In Deep Sleep","1.01666665077209"
"2024-04-09 00:00:00","Time In Light Sleep","5.13333320617676"
"2024-04-09 00:00:00","Time In REM Sleep","2.15000009536743"
"2024-04-09 00:00:00","Time Awake","0.233333334326744"
"2024-04-09 00:00:00","Pulse","48"
"2024-04-09 00:00:00","Stress Level","Max : 78 / Avg : 19"
"2024-04-09 00:00:00","Stress Qualifier","calm"
"2024-04-09 00:00:00","Body Battery","Min : 41 / Max : 100 / Avg : 76"
"2024-04-09 06:57:45","Weight Kilograms","80.40"
"2024-04-10 00:00:00","Sleep Hours","9.17"
"2024-04-10 00:00:00","Time In Deep Sleep","1.29999995231628"
"2024-04-10 00:00:00","Time In Light Sleep","6.13333320617676"
"2024-04-10 00:00:00","Time In REM Sleep","1.73333334922791"
"2024-04-10 00:00:00","Time Awake","0.416666656732559"
"2024-04-10 00:00:00","Pulse","48"
"2024-04-10 00:00:00","Stress Level","Max : 99 / Avg : 19"
"2024-04-10 00:00:00","Stress Qualifier","calm"
"2024-04-10 00:00:00","Body Battery","Min : 33 / Max : 100 / Avg : 67"
"2024-04-10 08:35:29","Weight Kilograms","79.50"
"2024-04-11 00:00:00","Sleep Hours","8.98"
"2024-04-11 00:00:00","Time In Deep Sleep","1.71666669845581"
"2024-04-11 00:00:00","Time In Light Sleep","5.06666660308838"
"2024-04-11 00:00:00","Time In REM Sleep","2.20000004768372"
"2024-04-11 00:00:00","Time Awake","0.16666667163372"
"2024-04-11 00:00:00","Pulse","48"
"2024-04-11 00:00:00","Stress Level","Max : 97 / Avg : 19"
"2024-04-11 00:00:00","Stress Qualifier","calm"
"2024-04-11 00:00:00","Body Battery","Min : 33 / Max : 99 / Avg : 67"
"2024-04-11 09:19:36","Weight Kilograms","79.50"
"2024-04-12 00:00:00","Pulse","50"
"2024-04-12 00:00:00","Stress Level","Max : 97 / Avg : 22"
"2024-04-12 00:00:00","Stress Qualifier","calm"
"2024-04-12 00:00:00","Body Battery","Min : 32 / Max : 88 / Avg : 58"
"2024-04-12 00:00:00","Sleep Hours","8.07"
"2024-04-12 00:00:00","Time In Deep Sleep","0.916666686534882"
"2024-04-12 00:00:00","Time In Light Sleep","6.01666688919067"
"2024-04-12 00:00:00","Time In REM Sleep","1.13333332538605"
"2024-04-12 00:00:00","Time Awake","0.283333331346512"
"2024-04-12 09:16:37","Weight Kilograms","80.00"
"2024-04-13 00:00:00","Sleep Hours","9.23"
"2024-04-13 00:00:00","Time In Deep Sleep","1.54999995231628"
"2024-04-13 00:00:00","Time In Light Sleep","6.28333330154419"
"2024-04-13 00:00:00","Time In REM Sleep","1.39999997615814"
"2024-04-13 00:00:00","Time Awake","0.0666666701436043"
"2024-04-13 00:00:00","Pulse","49"
"2024-04-13 00:00:00","Stress Level","Max : 92 / Avg : 23"
"2024-04-13 00:00:00","Stress Qualifier","calm"
"2024-04-13 00:00:00","Body Battery","Min : 30 / Max : 94 / Avg : 62"
"2024-04-13 09:05:00","Weight Kilograms","79.70"
"2024-04-14 00:00:00","Pulse","50"
"2024-04-14 00:00:00","Stress Level","Max : 99 / Avg : 18"
"2024-04-14 00:00:00","Stress Qualifier","calm"
"2024-04-14 00:00:00","Body Battery","Min : 31 / Max : 84 / Avg : 67"
"2024-04-14 00:00:00","Sleep Hours","8.08"
"2024-04-14 00:00:00","Time In Deep Sleep","1"
"2024-04-14 00:00:00","Time In Light Sleep","5.88333320617676"
"2024-04-14 00:00:00","Time In REM Sleep","1.20000004768372"
"2024-04-14 00:00:00","Time Awake","0.366666674613953"
"2024-04-14 08:57:19","Weight Kilograms","79.50"
"2024-04-15 00:00:00","Sleep Hours","10.13"
"2024-04-15 00:00:00","Time In Deep Sleep","2.34999990463257"
"2024-04-15 00:00:00","Time In Light Sleep","5.83333349227905"
"2024-04-15 00:00:00","Time In REM Sleep","1.95000004768372"
"2024-04-15 00:00:00","Time Awake","0.699999988079071"
"2024-04-15 00:00:00","Pulse","45"
"2024-04-15 00:00:00","Stress Level","Max : 95 / Avg : 16"
"2024-04-15 00:00:00","Stress Qualifier","calm"
"2024-04-15 00:00:00","Body Battery","Min : 43 / Max : 100 / Avg : 77"
"2024-04-15 07:57:14","Weight Kilograms","79.30"
"2024-04-16 00:00:00","Sleep Hours","8.63"
"2024-04-16 00:00:00","Time In Deep Sleep","1.21666669845581"
"2024-04-16 00:00:00","Time In Light Sleep","6.34999990463257"
"2024-04-16 00:00:00","Time In REM Sleep","1.06666672229767"
"2024-04-16 00:00:00","Time Awake","0.16666667163372"
"2024-04-16 00:00:00","Pulse","46"
"2024-04-16 00:00:00","Stress Level","Max : 99 / Avg : 17"
"2024-04-16 00:00:00","Stress Qualifier","calm"
"2024-04-16 00:00:00","Body Battery","Min : 33 / Max : 100 / Avg : 63"
"2024-04-16 07:16:17","Weight Kilograms","79.10"
"2024-04-17 00:00:00","Sleep Hours","9.55"
"2024-04-17 00:00:00","Time In Deep Sleep","0.866666674613953"
"2024-04-17 00:00:00","Time In Light Sleep","6.44999980926514"
"2024-04-17 00:00:00","Time In REM Sleep","2.23333334922791"
"2024-04-17 00:00:00","Time Awake","0.100000001490116"
"2024-04-17 00:00:00","Pulse","47"
"2024-04-17 00:00:00","Stress Level","Max : 88 / Avg : 15"
"2024-04-17 00:00:00","Stress Qualifier","calm"
"2024-04-17 00:00:00","Body Battery","Min : 48 / Max : 100 / Avg : 75"
"2024-04-18 00:00:00","Sleep Hours","7.97"
"2024-04-18 00:00:00","Time In Deep Sleep","1.14999997615814"
"2024-04-18 00:00:00","Time In Light Sleep","4.78333330154419"
"2024-04-18 00:00:00","Time In REM Sleep","2.03333330154419"
"2024-04-18 00:00:00","Time Awake","1.04999995231628"
"2024-04-18 00:00:00","Pulse","46"
"2024-04-18 00:00:00","Stress Level","Max : 98 / Avg : 17"
"2024-04-18 00:00:00","Stress Qualifier","calm"
"2024-04-18 00:00:00","Body Battery","Min : 45 / Max : 100 / Avg : 73"
"2024-04-18 07:12:00","Weight Kilograms","79.20"
"2024-04-19 00:00:00","Sleep Hours","10.02"
"2024-04-19 00:00:00","Time In Deep Sleep","0.583333313465118"
"2024-04-19 00:00:00","Time In Light Sleep","7.78333330154419"
"2024-04-19 00:00:00","Time In REM Sleep","1.64999997615814"
"2024-04-19 00:00:00","Time Awake","0.566666662693024"
"2024-04-19 00:00:00","Pulse","47"
"2024-04-19 00:00:00","Stress Level","Max : 96 / Avg : 17"
"2024-04-19 00:00:00","Stress Qualifier","calm"
"2024-04-19 00:00:00","Body Battery","Min : 50 / Max : 100 / Avg : 79"
"2024-04-19 08:56:12","Weight Kilograms","79.00"
"2024-04-20 00:00:00","Sleep Hours","9.32"
"2024-04-20 00:00:00","Time In Deep Sleep","1.54999995231628"
"2024-04-20 00:00:00","Time In Light Sleep","5.34999990463257"
"2024-04-20 00:00:00","Time In REM Sleep","2.41666674613953"
"2024-04-20 00:00:00","Time Awake","0.116666667163372"
"2024-04-20 00:00:00","Pulse","46"
"2024-04-20 00:00:00","Stress Level","Max : 99 / Avg : 20"
"2024-04-20 00:00:00","Stress Qualifier","calm"
"2024-04-20 00:00:00","Body Battery","Min : 40 / Max : 100 / Avg : 72"
"2024-04-20 08:00:39","Weight Kilograms","79.60"
"2024-04-21 00:00:00","Sleep Hours","9.33"
"2024-04-21 00:00:00","Time In Deep Sleep","1.53333330154419"
"2024-04-21 00:00:00","Time In Light Sleep","5.33333349227905"
"2024-04-21 00:00:00","Time In REM Sleep","2.46666669845581"
"2024-04-21 00:00:00","Time Awake","0.400000005960464"
"2024-04-21 00:00:00","Pulse","49"
"2024-04-21 00:00:00","Stress Level","Max : 92 / Avg : 18"
"2024-04-21 00:00:00","Stress Qualifier","calm"
"2024-04-21 00:00:00","Body Battery","Min : 45 / Max : 98 / Avg : 70"
"2024-04-21 08:48:39","Weight Kilograms","79.40"
"2024-04-22 00:00:00","Sleep Hours","9.58"
"2024-04-22 00:00:00","Time In Deep Sleep","1.73333334922791"
"2024-04-22 00:00:00","Time In Light Sleep","6.21666669845581"
"2024-04-22 00:00:00","Time In REM Sleep","1.63333332538605"
"2024-04-22 00:00:00","Time Awake","0.616666674613953"
"2024-04-22 00:00:00","Pulse","48"
"2024-04-22 00:00:00","Stress Level","Max : 88 / Avg : 18"
"2024-04-22 00:00:00","Stress Qualifier","calm"
"2024-04-22 00:00:00","Body Battery","Min : 42 / Max : 99 / Avg : 69"
"2024-04-22 08:33:24","Weight Kilograms","79.80"
"2024-04-23 00:00:00","Sleep Hours","8.83"
"2024-04-23 00:00:00","Time In Deep Sleep","0.533333361148834"
"2024-04-23 00:00:00","Time In Light Sleep","6.21666669845581"
"2024-04-23 00:00:00","Time In REM Sleep","2.08333325386047"
"2024-04-23 00:00:00","Time Awake","0.133333340287209"
"2024-04-23 00:00:00","Pulse","48"
"2024-04-23 00:00:00","Stress Level","Max : 96 / Avg : 19"
"2024-04-23 00:00:00","Stress Qualifier","calm"
"2024-04-23 00:00:00","Body Battery","Min : 32 / Max : 100 / Avg : 68"
"2024-04-23 07:53:16","Weight Kilograms","79.70"
"2024-04-24 00:00:00","Sleep Hours","6.77"
"2024-04-24 00:00:00","Time In Deep Sleep","1.16666662693024"
"2024-04-24 00:00:00","Time In Light Sleep","4.84999990463257"
"2024-04-24 00:00:00","Time In REM Sleep","0.75"
"2024-04-24 00:00:00","Time Awake","0.533333361148834"
"2024-04-24 00:00:00","Pulse","48"
"2024-04-24 00:00:00","Stress Level","Max : 84 / Avg : 18"
"2024-04-24 00:00:00","Stress Qualifier","calm"
"2024-04-24 00:00:00","Body Battery","Min : 32 / Max : 90 / Avg : 64"
"2024-04-24 05:48:42","Weight Kilograms","79.60"
"2024-04-25 00:00:00","Sleep Hours","8.52"
"2024-04-25 00:00:00","Time In Deep Sleep","1.16666662693024"
"2024-04-25 00:00:00","Time In Light Sleep","5.43333339691162"
"2024-04-25 00:00:00","Time In REM Sleep","1.91666662693024"
"2024-04-25 00:00:00","Time Awake","0.233333334326744"
"2024-04-25 00:00:00","Pulse","48"
"2024-04-25 00:00:00","Stress Level","Max : 99 / Avg : 25"
"2024-04-25 00:00:00","Stress Qualifier","balanced"
"2024-04-25 00:00:00","Body Battery","Min : 20 / Max : 100 / Avg : 66"
"2024-04-25 08:43:39","Weight Kilograms","78.50"
"2024-04-26 00:00:00","Pulse","49"
"2024-04-26 00:00:00","Stress Level","Max : 95 / Avg : 21"
"2024-04-26 00:00:00","Stress Qualifier","calm"
"2024-04-26 00:00:00","Body Battery","Min : 17 / Max : 57 / Avg : 44"
"2024-04-26 00:00:00","Sleep Hours","5.32"
"2024-04-26 00:00:00","Time In Deep Sleep","0.833333313465118"
"2024-04-26 00:00:00","Time In Light Sleep","3.5"
"2024-04-26 00:00:00","Time In REM Sleep","0.983333349227905"
"2024-04-26 00:00:00","Time Awake","0.133333340287209"
"2024-04-26 07:30:05","Weight Kilograms","77.90"
"2024-04-27 00:00:00","Sleep Hours","8.53"
"2024-04-27 00:00:00","Time In Deep Sleep","0.983333349227905"
"2024-04-27 00:00:00","Time In Light Sleep","6.05000019073486"
"2024-04-27 00:00:00","Time In REM Sleep","1.5"
"2024-04-27 00:00:00","Time Awake","0.0166666675359011"
"2024-04-27 00:00:00","Pulse","49"
"2024-04-27 00:00:00","Stress Level","Max : 91 / Avg : 20"
"2024-04-27 00:00:00","Stress Qualifier","calm"
"2024-04-27 00:00:00","Body Battery","Min : 38 / Max : 100 / Avg : 70"
"2024-04-27 08:00:48","Weight Kilograms","77.90"
"2024-04-28 00:00:00","Sleep Hours","9.08"
"2024-04-28 00:00:00","Time In Deep Sleep","1.29999995231628"
"2024-04-28 00:00:00","Time In Light Sleep","6.18333339691162"
"2024-04-28 00:00:00","Time In REM Sleep","1.60000002384186"
"2024-04-28 00:00:00","Time Awake","0.483333319425583"
"2024-04-28 00:00:00","Pulse","48"
"2024-04-28 00:00:00","Stress Level","Max : 90 / Avg : 24"
"2024-04-28 00:00:00","Stress Qualifier","balanced"
"2024-04-28 00:00:00","Body Battery","Min : 21 / Max : 97 / Avg : 55"
"2024-04-28 08:51:05","Weight Kilograms","78.90"
"2024-04-29 00:00:00","Sleep Hours","9.02"
"2024-04-29 00:00:00","Time In Deep Sleep","0.466666668653488"
"2024-04-29 00:00:00","Time In Light Sleep","6.93333339691162"
"2024-04-29 00:00:00","Time In REM Sleep","1.61666667461395"
"2024-04-29 00:00:00","Time Awake","0.266666680574417"
"2024-04-29 00:00:00","Pulse","50"
"2024-04-29 00:00:00","Stress Level","Max : 89 / Avg : 19"
"2024-04-29 00:00:00","Stress Qualifier","calm"
"2024-04-29 00:00:00","Body Battery","Min : 31 / Max : 88 / Avg : 60"
"2024-04-29 07:25:39","Weight Kilograms","78.50"
"2024-04-30 00:00:00","Sleep Hours","5.78"
"2024-04-30 00:00:00","Time In Deep Sleep","0.800000011920929"
"2024-04-30 00:00:00","Time In Light Sleep","4.06666660308838"
"2024-04-30 00:00:00","Time In REM Sleep","0.916666686534882"
"2024-04-30 00:00:00","Time Awake","0.0666666701436043"
"2024-04-30 00:00:00","Pulse","49"
"2024-04-30 00:00:00","Stress Level","Max : 98 / Avg : 21"
"2024-04-30 00:00:00","Stress Qualifier","calm"
"2024-04-30 00:00:00","Body Battery","Min : 30 / Max : 95 / Avg : 61"
"2024-04-30 05:11:15","Weight Kilograms","78.90"
"2024-05-01 00:00:00","Sleep Hours","8.78"
"2024-05-01 00:00:00","Time In Deep Sleep","0.816666662693024"
"2024-05-01 00:00:00","Time In Light Sleep","6.48333311080933"
"2024-05-01 00:00:00","Time In REM Sleep","1.48333334922791"
"2024-05-01 00:00:00","Time Awake","0.0833333358168602"
"2024-05-01 00:00:00","Pulse","48"
"2024-05-01 00:00:00","Stress Level","Max : 90 / Avg : 16"
"2024-05-01 00:00:00","Stress Qualifier","calm"
"2024-05-01 00:00:00","Body Battery","Min : 42 / Max : 100 / Avg : 72"
"2024-05-01 08:03:56","Weight Kilograms","78.70"
"2024-05-02 00:00:00","Sleep Hours","8.48"
"2024-05-02 00:00:00","Time In Deep Sleep","1.95000004768372"
"2024-05-02 00:00:00","Time In Light Sleep","4.73333311080933"
"2024-05-02 00:00:00","Time In REM Sleep","1.79999995231628"
"2024-05-02 00:00:00","Time Awake","0.0333333350718021"
"2024-05-02 00:00:00","Pulse","46"
"2024-05-02 00:00:00","Stress Level","Max : 87 / Avg : 15"
"2024-05-02 00:00:00","Stress Qualifier","calm"
"2024-05-02 00:00:00","Body Battery","Min : 50 / Max : 100 / Avg : 78"
"2024-05-02 07:32:28","Weight Kilograms","79.20"
"2024-05-03 00:00:00","Sleep Hours","9.10"
"2024-05-03 00:00:00","Time In Deep Sleep","0.716666638851166"
"2024-05-03 00:00:00","Time In Light Sleep","5.84999990463257"
"2024-05-03 00:00:00","Time In REM Sleep","2.53333330154419"
"2024-05-03 00:00:00","Time Awake","0.216666668653488"
"2024-05-03 00:00:00","Pulse","49"
"2024-05-03 00:00:00","Stress Level","Max : 83 / Avg : 22"
"2024-05-03 00:00:00","Stress Qualifier","balanced"
"2024-05-03 00:00:00","Body Battery","Min : 31 / Max : 100 / Avg : 71"
"2024-05-03 08:07:36","Weight Kilograms","79.60"
"2024-05-04 00:00:00","Sleep Hours","9.18"
"2024-05-04 00:00:00","Time In Deep Sleep","1.89999997615814"
"2024-05-04 00:00:00","Time In Light Sleep","6"
"2024-05-04 00:00:00","Time In REM Sleep","1.28333330154419"
"2024-05-04 00:00:00","Time Awake","0.0666666701436043"
"2024-05-04 00:00:00","Pulse","51"
"2024-05-04 00:00:00","Stress Level","Max : 96 / Avg : 25"
"2024-05-04 00:00:00","Stress Qualifier","balanced"
"2024-05-04 00:00:00","Body Battery","Min : 35 / Max : 85 / Avg : 60"
"2024-05-04 08:46:50","Weight Kilograms","79.00"
"2024-05-05 00:00:00","Sleep Hours","10.78"
"2024-05-05 00:00:00","Time In Deep Sleep","1.35000002384186"
"2024-05-05 00:00:00","Time In Light Sleep","7.01666688919067"
"2024-05-05 00:00:00","Time In REM Sleep","2.41666674613953"
"2024-05-05 00:00:00","Time Awake","0.25"
"2024-05-05 00:00:00","Pulse","50"
"2024-05-05 00:00:00","Stress Level","Max : 87 / Avg : 20"
"2024-05-05 00:00:00","Stress Qualifier","calm"
"2024-05-05 00:00:00","Body Battery","Min : 39 / Max : 95 / Avg : 70"
"2024-05-05 10:05:55","Weight Kilograms","79.30"
"2024-05-06 00:00:00","Sleep Hours","9.98"
"2024-05-06 00:00:00","Time In Deep Sleep","1.5"
"2024-05-06 00:00:00","Time In Light Sleep","6.33333349227905"
"2024-05-06 00:00:00","Time In REM Sleep","2.15000009536743"
"2024-05-06 00:00:00","Time Awake","0.0333333350718021"
"2024-05-06 00:00:00","Pulse","49"
"2024-05-06 00:00:00","Stress Level","Max : 97 / Avg : 18"
"2024-05-06 00:00:00","Stress Qualifier","calm"
"2024-05-06 00:00:00","Body Battery","Min : 48 / Max : 100 / Avg : 72"
"2024-05-06 09:27:17","Weight Kilograms","79.70"
"2024-05-07 00:00:00","Sleep Hours","8.62"
"2024-05-07 00:00:00","Time In Deep Sleep","0.766666650772095"
"2024-05-07 00:00:00","Time In Light Sleep","6.03333330154419"
"2024-05-07 00:00:00","Time In REM Sleep","1.81666672229767"
"2024-05-07 00:00:00","Time Awake","0.0333333350718021"
"2024-05-07 00:00:00","Pulse","49"
"2024-05-07 00:00:00","Stress Level","Max : 98 / Avg : 21"
"2024-05-07 00:00:00","Stress Qualifier","calm"
"2024-05-07 00:00:00","Body Battery","Min : 36 / Max : 94 / Avg : 66"
"2024-05-07 06:58:22","Weight Kilograms","80.10"
"2024-05-08 00:00:00","Sleep Hours","7.23"
"2024-05-08 00:00:00","Time In Deep Sleep","1.13333332538605"
"2024-05-08 00:00:00","Time In Light Sleep","4.58333349227905"
"2024-05-08 00:00:00","Time In REM Sleep","1.51666665077209"
"2024-05-08 00:00:00","Time Awake","0.0833333358168602"
"2024-05-08 00:00:00","Pulse","48"
"2024-05-08 00:00:00","Stress Level","Max : 94 / Avg : 23"
"2024-05-08 00:00:00","Stress Qualifier","balanced"
"2024-05-08 00:00:00","Body Battery","Min : 28 / Max : 100 / Avg : 68"
"2024-05-08 08:10:11","Weight Kilograms","79.10"
"2024-05-09 00:00:00","Sleep Hours","8.18"
"2024-05-09 00:00:00","Time In Deep Sleep","1.01666665077209"
"2024-05-09 00:00:00","Time In Light Sleep","5.33333349227905"
"2024-05-09 00:00:00","Time In REM Sleep","1.83333337306976"
"2024-05-09 00:00:00","Time Awake","0.116666667163372"
"2024-05-09 00:00:00","Pulse","49"
"2024-05-09 00:00:00","Stress Level","Max : 99 / Avg : 22"
"2024-05-09 00:00:00","Stress Qualifier","calm"
"2024-05-09 00:00:00","Body Battery","Min : 29 / Max : 94 / Avg : 63"
"2024-05-09 07:35:38","Weight Kilograms","78.50"
"2024-05-10 00:00:00","Sleep Hours","11.25"
"2024-05-10 00:00:00","Time In Deep Sleep","1"
"2024-05-10 00:00:00","Time In Light Sleep","7.30000019073486"
"2024-05-10 00:00:00","Time In REM Sleep","2.95000004768372"
"2024-05-10 00:00:00","Time Awake","0.0666666701436043"
"2024-05-10 00:00:00","Pulse","49"
"2024-05-10 00:00:00","Stress Level","Max : 99 / Avg : 22"
"2024-05-10 00:00:00","Stress Qualifier","calm"
"2024-05-10 00:00:00","Body Battery","Min : 30 / Max : 99 / Avg : 69"
"2024-05-10 10:01:12","Weight Kilograms","79.30"
"2024-05-11 00:00:00","Pulse","52"
"2024-05-11 00:00:00","Stress Level","Max : 54 / Avg : 20"
"2024-05-11 00:00:00","Stress Qualifier","unknown"
"2024-05-11 00:00:00","Body Battery","Min : 30 / Max : 85 / Avg : 55"
"2024-05-11 00:00:00","Sleep Hours","7.52"
"2024-05-11 00:00:00","Time In Deep Sleep","0.833333313465118"
"2024-05-11 00:00:00","Time In Light Sleep","5.66666650772095"
"2024-05-11 00:00:00","Time In REM Sleep","1.01666665077209"
"2024-05-11 00:00:00","Time Awake","0.183333337306976"
"2024-05-11 09:00:03","Weight Kilograms","79.20"
"2024-05-12 00:00:00","Sleep Hours","10.90"
"2024-05-12 00:00:00","Time In Deep Sleep","1.39999997615814"
"2024-05-12 00:00:00","Time In Light Sleep","7.26666688919067"
"2024-05-12 00:00:00","Time In REM Sleep","2.23333334922791"
"2024-05-12 00:00:00","Time Awake","0.966666638851166"
"2024-05-12 00:00:00","Pulse","51"
"2024-05-12 00:00:00","Stress Level","Max : 88 / Avg : 18"
"2024-05-12 00:00:00","Stress Qualifier","calm"
"2024-05-12 00:00:00","Body Battery","Min : 43 / Max : 91 / Avg : 68"
"2024-05-12 09:17:00","Weight Kilograms","80.10"
"2024-05-13 00:00:00","Sleep Hours","9.48"
"2024-05-13 00:00:00","Time In Deep Sleep","0.766666650772095"
"2024-05-13 00:00:00","Time In Light Sleep","6.91666650772095"
"2024-05-13 00:00:00","Time In REM Sleep","1.79999995231628"
"2024-05-13 00:00:00","Time Awake","0.0500000007450581"
"2024-05-13 00:00:00","Pulse","48"
"2024-05-13 00:00:00","Stress Level","Max : 78 / Avg : 15"
"2024-05-13 00:00:00","Stress Qualifier","calm"
"2024-05-13 00:00:00","Body Battery","Min : 52 / Max : 100 / Avg : 77"
"2024-05-13 08:52:58","Weight Kilograms","79.90"
"2024-05-14 00:00:00","Sleep Hours","9.57"
"2024-05-14 00:00:00","Time In Deep Sleep","1.60000002384186"
"2024-05-14 00:00:00","Time In Light Sleep","5.93333339691162"
"2024-05-14 00:00:00","Time In REM Sleep","2.03333330154419"
"2024-05-14 00:00:00","Time Awake","0.25"
"2024-05-14 00:00:00","Pulse","47"
"2024-05-14 00:00:00","Stress Level","Max : 93 / Avg : 24"
"2024-05-14 00:00:00","Stress Qualifier","balanced"
"2024-05-14 00:00:00","Body Battery","Min : 27 / Max : 100 / Avg : 70"
"2024-05-14 09:08:03","Weight Kilograms","78.80"
"2024-05-15 00:00:00","Sleep Hours","9.37"
"2024-05-15 00:00:00","Time In Deep Sleep","0.883333325386047"
"2024-05-15 00:00:00","Time In Light Sleep","6.59999990463257"
"2024-05-15 00:00:00","Time In REM Sleep","1.88333332538605"
"2024-05-15 00:00:00","Time Awake","0.316666662693024"
"2024-05-15 00:00:00","Pulse","49"
"2024-05-15 00:00:00","Stress Level","Max : 93 / Avg : 19"
"2024-05-15 00:00:00","Stress Qualifier","calm"
"2024-05-15 00:00:00","Body Battery","Min : 29 / Max : 90 / Avg : 62"
"2024-05-15 09:06:00","Weight Kilograms","78.10"
"2024-05-16 00:00:00","Sleep Hours","7.93"
"2024-05-16 00:00:00","Time In Deep Sleep","1.10000002384186"
"2024-05-16 00:00:00","Time In Light Sleep","4.80000019073486"
"2024-05-16 00:00:00","Time In REM Sleep","2.03333330154419"
"2024-05-16 00:00:00","Time Awake","0.0833333358168602"
"2024-05-16 00:00:00","Pulse","49"
"2024-05-16 00:00:00","Stress Level","Max : 85 / Avg : 15"
"2024-05-16 00:00:00","Stress Qualifier","calm"
"2024-05-16 00:00:00","Body Battery","Min : 44 / Max : 100 / Avg : 75"
"2024-05-16 07:43:01","Weight Kilograms","78.60"
"2024-05-17 00:00:00","Sleep Hours","9.05"
"2024-05-17 00:00:00","Time In Deep Sleep","1.11666667461395"
"2024-05-17 00:00:00","Time In Light Sleep","5.65000009536743"
"2024-05-17 00:00:00","Time In REM Sleep","2.28333330154419"
"2024-05-17 00:00:00","Time Awake","0.0333333350718021"
"2024-05-17 00:00:00","Pulse","49"
"2024-05-17 00:00:00","Stress Level","Max : 61 / Avg : 16"
"2024-05-17 00:00:00","Stress Qualifier","calm"
"2024-05-17 00:00:00","Body Battery","Min : 50 / Max : 100 / Avg : 73"
"2024-05-17 08:46:18","Weight Kilograms","79.00"
"2024-05-18 00:00:00","Sleep Hours","6.22"
"2024-05-18 00:00:00","Time In Deep Sleep","1.33333337306976"
"2024-05-18 00:00:00","Time In Light Sleep","3.33333325386047"
"2024-05-18 00:00:00","Time In REM Sleep","1.54999995231628"
"2024-05-18 00:00:00","Time Awake","0.0166666675359011"
"2024-05-18 00:00:00","Pulse","46"
"2024-05-18 00:00:00","Stress Level","Max : 99 / Avg : 21"
"2024-05-18 00:00:00","Stress Qualifier","balanced"
"2024-05-18 00:00:00","Body Battery","Min : 29 / Max : 98 / Avg : 66"
"2024-05-18 06:17:14","Weight Kilograms","79.30"
"2024-05-19 00:00:00","Pulse","50"
"2024-05-19 00:00:00","Stress Level","Max : 83 / Avg : 24"
"2024-05-19 00:00:00","Stress Qualifier","balanced"
"2024-05-19 00:00:00","Body Battery","Min : 22 / Max : 85 / Avg : 52"
"2024-05-19 00:00:00","Sleep Hours","7.93"
"2024-05-19 00:00:00","Time In Deep Sleep","1.64999997615814"
"2024-05-19 00:00:00","Time In Light Sleep","4.84999990463257"
"2024-05-19 00:00:00","Time In REM Sleep","1.43333327770233"
"2024-05-19 00:00:00","Time Awake","0.583333313465118"
"2024-05-19 09:01:38","Weight Kilograms","79.30"
"2024-05-20 00:00:00","Pulse","51"
"2024-05-20 00:00:00","Stress Level","Max : 97 / Avg : 20"
"2024-05-20 00:00:00","Stress Qualifier","calm"
"2024-05-20 00:00:00","Body Battery","Min : 21 / Max : 77 / Avg : 56"
"2024-05-20 00:00:00","Sleep Hours","7.87"
"2024-05-20 00:00:00","Time In Deep Sleep","1.56666672229767"
"2024-05-20 00:00:00","Time In Light Sleep","5.16666650772095"
"2024-05-20 00:00:00","Time In REM Sleep","1.13333332538605"
"2024-05-20 00:00:00","Time Awake","0.266666680574417"
"2024-05-20 09:10:31","Weight Kilograms","78.90"
"2024-05-21 00:00:00","Sleep Hours","8.91"
"2024-05-21 00:00:00","Time In Deep Sleep","0.883333325386047"
"2024-05-21 00:00:00","Time In Light Sleep","6.01666688919067"
"2024-05-21 00:00:00","Time In REM Sleep","2.01305556297302"
"2024-05-21 00:00:00","Time Awake","0.0333333350718021"
"2024-05-21 00:00:00","Pulse","47"
"2024-05-21 00:00:00","Stress Level","Max : 99 / Avg : 19"
"2024-05-21 00:00:00","Stress Qualifier","calm"
"2024-05-21 00:00:00","Body Battery","Min : 33 / Max : 100 / Avg : 67"
"2024-05-21 08:36:28","Weight Kilograms","79.20"
"2024-05-22 00:00:00","Sleep Hours","8.15"
"2024-05-22 00:00:00","Time In Deep Sleep","1.16666662693024"
"2024-05-22 00:00:00","Time In Light Sleep","5.08333349227905"
"2024-05-22 00:00:00","Time In REM Sleep","1.89999997615814"
"2024-05-22 00:00:00","Time Awake","0.16666667163372"
"2024-05-22 00:00:00","Pulse","49"
"2024-05-22 00:00:00","Stress Level","Max : 87 / Avg : 22"
"2024-05-22 00:00:00","Stress Qualifier","calm"
"2024-05-22 00:00:00","Body Battery","Min : 35 / Max : 98 / Avg : 69"
"2024-05-22 07:02:41","Weight Kilograms","78.90"
"2024-05-23 00:00:00","Sleep Hours","9.25"
"2024-05-23 00:00:00","Time In Deep Sleep","1.25"
"2024-05-23 00:00:00","Time In Light Sleep","5.83333349227905"
"2024-05-23 00:00:00","Time In REM Sleep","2.16666674613953"
"2024-05-23 00:00:00","Time Awake","0.800000011920929"
"2024-05-23 00:00:00","Pulse","49"
"2024-05-23 00:00:00","Stress Level","Max : 97 / Avg : 18"
"2024-05-23 00:00:00","Stress Qualifier","calm"
"2024-05-23 00:00:00","Body Battery","Min : 43 / Max : 97 / Avg : 71"
"2024-05-23 08:58:15","Weight Kilograms","78.70"
"2024-05-24 00:00:00","Sleep Hours","7.47"
"2024-05-24 00:00:00","Time In Deep Sleep","0.583333313465118"
"2024-05-24 00:00:00","Time In Light Sleep","5.43333339691162"
"2024-05-24 00:00:00","Time In REM Sleep","1.45000004768372"
"2024-05-24 00:00:00","Time Awake","0.0333333350718021"
"2024-05-24 00:00:00","Pulse","49"
"2024-05-24 00:00:00","Stress Level","Max : 99 / Avg : 21"
"2024-05-24 00:00:00","Stress Qualifier","balanced"
"2024-05-24 00:00:00","Body Battery","Min : 31 / Max : 100 / Avg : 65"
"2024-05-24 07:25:52","Weight Kilograms","79.10"
"2024-05-25 00:00:00","Sleep Hours","9.05"
"2024-05-25 00:00:00","Time In Deep Sleep","0.800000011920929"
"2024-05-25 00:00:00","Time In Light Sleep","6.69999980926514"
"2024-05-25 00:00:00","Time In REM Sleep","1.54999995231628"
"2024-05-25 00:00:00","Time Awake","0.200000002980232"
"2024-05-25 00:00:00","Pulse","50"
"2024-05-25 00:00:00","Stress Level","Max : 90 / Avg : 21"
"2024-05-25 00:00:00","Stress Qualifier","calm"
"2024-05-25 00:00:00","Body Battery","Min : 38 / Max : 87 / Avg : 62"
"2024-05-25 07:34:50","Weight Kilograms","78.80"
"2024-05-25 07:55:19","Weight Kilograms","78.50"
"2024-05-26 00:00:00","Sleep Hours","8.90"
"2024-05-26 00:00:00","Time In Deep Sleep","0.933333337306976"
"2024-05-26 00:00:00","Time In Light Sleep","6.81666660308838"
"2024-05-26 00:00:00","Time In REM Sleep","1.14999997615814"
"2024-05-26 00:00:00","Time Awake","0.116666667163372"
"2024-05-26 00:00:00","Pulse","46"
"2024-05-26 00:00:00","Stress Level","Max : 82 / Avg : 19"
"2024-05-26 00:00:00","Stress Qualifier","balanced"
"2024-05-26 00:00:00","Body Battery","Min : 28 / Max : 100 / Avg : 69"
"2024-05-26 07:31:53","Weight Kilograms","79.30"
"2024-05-27 00:00:00","Sleep Hours","8.90"
"2024-05-27 00:00:00","Time In Deep Sleep","1.45000004768372"
"2024-05-27 00:00:00","Time In Light Sleep","5.31666660308838"
"2024-05-27 00:00:00","Time In REM Sleep","2.12888884544373"
"2024-05-27 00:00:00","Time Awake","0.0166666675359011"
"2024-05-27 00:00:00","Pulse","50"
"2024-05-27 00:00:00","Stress Level","Max : 97 / Avg : 17"
"2024-05-27 00:00:00","Stress Qualifier","calm"
"2024-05-27 00:00:00","Body Battery","Min : 34 / Max : 89 / Avg : 66"
"2024-05-27 07:19:16","Weight Kilograms","79.30"
"2024-05-28 00:00:00","Sleep Hours","8.88"
"2024-05-28 00:00:00","Time In Deep Sleep","1.36666667461395"
"2024-05-28 00:00:00","Time In Light Sleep","5.57666683197021"
"2024-05-28 00:00:00","Time In REM Sleep","1.93333327770233"
"2024-05-28 00:00:00","Time Awake","0.0666666701436043"
"2024-05-28 00:00:00","Pulse","43"
"2024-05-28 00:00:00","Stress Level","Max : 88 / Avg : 13"
"2024-05-28 00:00:00","Stress Qualifier","calm"
"2024-05-28 00:00:00","Body Battery","Min : 43 / Max : 100 / Avg : 75"
"2024-05-28 07:41:34","Weight Kilograms","79.50"
"2024-05-29 00:00:00","Sleep Hours","9.07"
"2024-05-29 00:00:00","Time In Deep Sleep","1.64999997615814"
"2024-05-29 00:00:00","Time In Light Sleep","5.09999990463257"
"2024-05-29 00:00:00","Time In REM Sleep","2.31666660308838"
"2024-05-29 00:00:00","Time Awake","0.0833333358168602"
"2024-05-29 00:00:00","Pulse","46"
"2024-05-29 00:00:00","Stress Level","Max : 85 / Avg : 14"
"2024-05-29 00:00:00","Stress Qualifier","calm"
"2024-05-29 00:00:00","Body Battery","Min : 51 / Max : 100 / Avg : 76"
"2024-05-29 08:37:12","Weight Kilograms","79.90"
"2024-05-30 00:00:00","Sleep Hours","10.23"
"2024-05-30 00:00:00","Time In Deep Sleep","0.800000011920929"
"2024-05-30 00:00:00","Time In Light Sleep","7.44999980926514"
"2024-05-30 00:00:00","Time In REM Sleep","1.98333334922791"
"2024-05-30 00:00:00","Time Awake","0.533333361148834"
"2024-05-30 00:00:00","Pulse","47"
"2024-05-30 00:00:00","Stress Level","Max : 99 / Avg : 16"
"2024-05-30 00:00:00","Stress Qualifier","calm"
"2024-05-30 00:00:00","Body Battery","Min : 50 / Max : 100 / Avg : 80"
"2024-05-30 09:49:56","Weight Kilograms","79.30"
"2024-05-31 00:00:00","Sleep Hours","8.10"
"2024-05-31 00:00:00","Time In Deep Sleep","1.33333337306976"
"2024-05-31 00:00:00","Time In Light Sleep","5.90000009536743"
"2024-05-31 00:00:00","Time In REM Sleep","0.866666674613953"
"2024-05-31 00:00:00","Time Awake","0.183333337306976"
"2024-05-31 00:00:00","Pulse","46"
"2024-05-31 00:00:00","Stress Level","Max : 100 / Avg : 17"
"2024-05-31 00:00:00","Stress Qualifier","calm"
"2024-05-31 00:00:00","Body Battery","Min : 44 / Max : 100 / Avg : 73"
"2024-05-31 06:22:01","Weight Kilograms","79.70"
"2024-06-01 00:00:00","Sleep Hours","9.25"
"2024-06-01 00:00:00","Time In Deep Sleep","1.21666669845581"
"2024-06-01 00:00:00","Time In Light Sleep","5.84999990463257"
"2024-06-01 00:00:00","Time In REM Sleep","2.18333339691162"
"2024-06-01 00:00:00","Time Awake","0.25"
"2024-06-01 00:00:00","Pulse","46"
"2024-06-01 00:00:00","Stress Level","Max : 95 / Avg : 20"
"2024-06-01 00:00:00","Stress Qualifier","calm"
"2024-06-01 00:00:00","Body Battery","Min : 39 / Max : 100 / Avg : 74"
"2024-06-01 08:30:02","Weight Kilograms","78.90"
"2024-06-02 00:00:00","Pulse","50"
"2024-06-02 00:00:00","Stress Level","Max : 98 / Avg : 22"
"2024-06-02 00:00:00","Stress Qualifier","calm"
"2024-06-02 00:00:00","Body Battery","Min : 34 / Max : 88 / Avg : 54"
"2024-06-02 00:00:00","Sleep Hours","6.68"
"2024-06-02 00:00:00","Time In Deep Sleep","1.01666665077209"
"2024-06-02 00:00:00","Time In Light Sleep","4.80000019073486"
"2024-06-02 00:00:00","Time In REM Sleep","0.866666674613953"
"2024-06-02 00:00:00","Time Awake","0.183333337306976"
"2024-06-02 09:41:17","Weight Kilograms","79.40"
"2024-06-03 00:00:00","Sleep Hours","7.77"
"2024-06-03 00:00:00","Time In Deep Sleep","2"
"2024-06-03 00:00:00","Time In Light Sleep","3.70000004768372"
"2024-06-03 00:00:00","Time In REM Sleep","2.06666660308838"
"2024-06-03 00:00:00","Time Awake","0.400000005960464"
"2024-06-03 00:00:00","Pulse","46"
"2024-06-03 00:00:00","Stress Level","Max : 88 / Avg : 22"
"2024-06-03 00:00:00","Stress Qualifier","balanced"
"2024-06-03 00:00:00","Body Battery","Min : 17 / Max : 97 / Avg : 57"
"2024-06-03 05:47:31","Weight Kilograms","80.00"
"2024-06-04 00:00:00","Sleep Hours","6.33"
"2024-06-04 00:00:00","Time In Deep Sleep","1.01666665077209"
"2024-06-04 00:00:00","Time In Light Sleep","3.5"
"2024-06-04 00:00:00","Time In REM Sleep","1.81666672229767"
"2024-06-04 00:00:00","Time Awake","0.150000005960464"
"2024-06-04 00:00:00","Pulse","48"
"2024-06-04 00:00:00","Stress Level","Max : 82 / Avg : 18"
"2024-06-04 00:00:00","Stress Qualifier","calm"
"2024-06-04 00:00:00","Body Battery","Min : 21 / Max : 89 / Avg : 56"
"2024-06-04 06:24:37","Weight Kilograms","78.90"
"2024-06-04 09:11:46","Weight Kilograms","78.60"
"2024-06-05 00:00:00","Pulse","47"
"2024-06-05 00:00:00","Stress Level","Max : 82 / Avg : 20"
"2024-06-05 00:00:00","Stress Qualifier","calm_awake"
"2024-06-05 00:00:00","Body Battery","Min : 15 / Max : 49 / Avg : 33"
"2024-06-06 00:00:00","Pulse","50"
"2024-06-06 00:00:00","Stress Level","Max : 87 / Avg : 19"
"2024-06-06 00:00:00","Stress Qualifier","calm"
"2024-06-06 00:00:00","Body Battery","Min : 8 / Max : 79 / Avg : 43"
"2024-06-06 00:00:00","Sleep Hours","7.05"
"2024-06-06 00:00:00","Time In Deep Sleep","0.883333325386047"
"2024-06-06 00:00:00","Time In Light Sleep","4.94999980926514"
"2024-06-06 00:00:00","Time In REM Sleep","1.21666669845581"
"2024-06-06 00:00:00","Time Awake","0.16666667163372"
"2024-06-07 00:00:00","Pulse","47"
"2024-06-07 00:00:00","Stress Level","Max : 61 / Avg : 15"
"2024-06-07 00:00:00","Stress Qualifier","calm"
"2024-06-07 00:00:00","Body Battery","Min : 49 / Max : 100 / Avg : 78"
"2024-06-07 00:00:00","Sleep Hours","9.82"
"2024-06-07 00:00:00","Time In Deep Sleep","1.25"
"2024-06-07 00:00:00","Time In Light Sleep","6.51611089706421"
"2024-06-07 00:00:00","Time In REM Sleep","2.04999995231628"
"2024-06-07 00:00:00","Time Awake","0.466666668653488"
"2024-06-08 00:00:00","Pulse","50"
"2024-06-08 00:00:00","Stress Level","Max : 73 / Avg : 23"
"2024-06-08 00:00:00","Stress Qualifier","balanced"
"2024-06-08 00:00:00","Body Battery","Min : 36 / Max : 83 / Avg : 58"
"2024-06-08 00:00:00","Sleep Hours","6.77"
"2024-06-08 00:00:00","Time In Deep Sleep","0.933333337306976"
"2024-06-08 00:00:00","Time In Light Sleep","4.81666660308838"
"2024-06-08 00:00:00","Time In REM Sleep","1.01666665077209"
"2024-06-08 00:00:00","Time Awake","0.216666668653488"
"2024-06-09 00:00:00","Pulse","52"
"2024-06-09 00:00:00","Stress Level","Max : 90 / Avg : 26"
"2024-06-09 00:00:00","Stress Qualifier","balanced"
"2024-06-09 00:00:00","Body Battery","Min : 25 / Max : 98 / Avg : 58"
"2024-06-09 00:00:00","Sleep Hours","8.25"
"2024-06-09 00:00:00","Time In Deep Sleep","1.36666667461395"
"2024-06-09 00:00:00","Time In Light Sleep","6"
"2024-06-09 00:00:00","Time In REM Sleep","0.883333325386047"
"2024-06-09 00:00:00","Time Awake","0.533333361148834"
"2024-06-10 00:00:00","Sleep Hours","7.03"
"2024-06-10 00:00:00","Time In Deep Sleep","1.75"
"2024-06-10 00:00:00","Time In Light Sleep","4.81666660308838"
"2024-06-10 00:00:00","Time In REM Sleep","0.466666668653488"
"2024-06-10 00:00:00","Time Awake","0.0666666701436043"
"2024-06-10 00:00:00","Pulse","50"
"2024-06-10 00:00:00","Stress Level","Max : 81 / Avg : 22"
"2024-06-10 00:00:00","Stress Qualifier","calm"
"2024-06-10 00:00:00","Body Battery","Min : 25 / Max : 73 / Avg : 51"
"2024-06-11 00:00:00","Sleep Hours","8.28"
"2024-06-11 00:00:00","Time In Deep Sleep","1.45000004768372"
"2024-06-11 00:00:00","Time In Light Sleep","4.68333339691162"
"2024-06-11 00:00:00","Time In REM Sleep","2.15000009536743"
"2024-06-11 00:00:00","Time Awake","0.16666667163372"
"2024-06-11 00:00:00","Pulse","49"
"2024-06-11 00:00:00","Stress Level","Max : 74 / Avg : 20"
"2024-06-11 00:00:00","Stress Qualifier","calm"
"2024-06-11 00:00:00","Body Battery","Min : 35 / Max : 93 / Avg : 64"
"2024-06-12 00:00:00","Pulse","47"
"2024-06-12 00:00:00","Stress Level","Max : 98 / Avg : 18"
"2024-06-12 00:00:00","Stress Qualifier","calm"
"2024-06-12 00:00:00","Body Battery","Min : 32 / Max : 96 / Avg : 62"
"2024-06-12 00:00:00","Sleep Hours","3.07"
"2024-06-12 00:00:00","Time In Deep Sleep","0.816666662693024"
"2024-06-12 00:00:00","Time In Light Sleep","2.06666660308838"
"2024-06-12 00:00:00","Time In REM Sleep","0.183333337306976"
"2024-06-12 00:00:00","Time Awake","1.36666667461395"
"2024-06-13 00:00:00","Sleep Hours","11.29"
"2024-06-13 00:00:00","Time In Deep Sleep","1.45000004768372"
"2024-06-13 00:00:00","Time In Light Sleep","8.80611133575439"
"2024-06-13 00:00:00","Time In REM Sleep","1.03333330154419"
"2024-06-13 00:00:00","Time Awake","0.666666686534882"
"2024-06-13 00:00:00","Pulse","47"
"2024-06-13 00:00:00","Stress Level","Max : 83 / Avg : 17"
"2024-06-13 00:00:00","Stress Qualifier","calm"
"2024-06-13 00:00:00","Body Battery","Min : 49 / Max : 100 / Avg : 78"
"2024-06-13 09:19:48","Weight Kilograms","79.20"
"2024-06-14 00:00:00","Sleep Hours","10.02"
"2024-06-14 00:00:00","Time In Deep Sleep","0.783333361148834"
"2024-06-14 00:00:00","Time In Light Sleep","7.23333311080933"
"2024-06-14 00:00:00","Time In REM Sleep","2"
"2024-06-14 00:00:00","Time Awake","0.716666638851166"
"2024-06-14 00:00:00","Pulse","46"
"2024-06-14 00:00:00","Stress Level","Max : 75 / Avg : 21"
"2024-06-14 00:00:00","Stress Qualifier","balanced"
"2024-06-14 00:00:00","Body Battery","Min : 41 / Max : 100 / Avg : 77"
"2024-06-14 09:39:25","Weight Kilograms","78.10"
"2024-06-15 00:00:00","Pulse","49"
"2024-06-15 00:00:00","Stress Level","Max : 80 / Avg : 22"
"2024-06-15 00:00:00","Stress Qualifier","balanced"
"2024-06-15 00:00:00","Body Battery","Min : 35 / Max : 91 / Avg : 65"
"2024-06-15 00:00:00","Sleep Hours","7.27"
"2024-06-15 00:00:00","Time In Deep Sleep","0.466666668653488"
"2024-06-15 00:00:00","Time In Light Sleep","5.31666660308838"
"2024-06-15 00:00:00","Time In REM Sleep","1.48333334922791"
"2024-06-15 00:00:00","Time Awake","0.433333337306976"
"2024-06-15 10:50:36","Weight Kilograms","79.10"
"2024-06-16 00:00:00","Sleep Hours","9.15"
"2024-06-16 00:00:00","Time In Deep Sleep","1.5"
"2024-06-16 00:00:00","Time In Light Sleep","6.36666679382324"
"2024-06-16 00:00:00","Time In REM Sleep","1.28333330154419"
"2024-06-16 00:00:00","Time Awake","0.183333337306976"
"2024-06-16 00:00:00","Pulse","44"
"2024-06-16 00:00:00","Stress Level","Max : 96 / Avg : 17"
"2024-06-16 00:00:00","Stress Qualifier","calm"
"2024-06-16 00:00:00","Body Battery","Min : 46 / Max : 100 / Avg : 76"
"2024-06-17 00:00:00","Sleep Hours","9.25"
"2024-06-17 00:00:00","Time In Deep Sleep","1.03333330154419"
"2024-06-17 00:00:00","Time In Light Sleep","6.34999990463257"
"2024-06-17 00:00:00","Time In REM Sleep","1.86666667461395"
"2024-06-17 00:00:00","Time Awake","0.183333337306976"
"2024-06-17 00:00:00","Pulse","47"
"2024-06-17 00:00:00","Stress Level","Max : 87 / Avg : 21"
"2024-06-17 00:00:00","Stress Qualifier","calm"
"2024-06-17 00:00:00","Body Battery","Min : 38 / Max : 96 / Avg : 71"
"2024-06-17 08:42:15","Weight Kilograms","79.40"
"2024-06-18 00:00:00","Pulse","49"
"2024-06-18 00:00:00","Stress Level","Max : 97 / Avg : 22"
"2024-06-18 00:00:00","Stress Qualifier","balanced"
"2024-06-18 00:00:00","Body Battery","Min : 35 / Max : 93 / Avg : 64"
"2024-06-18 00:00:00","Sleep Hours","7.35"
"2024-06-18 00:00:00","Time In Deep Sleep","1.08333337306976"
"2024-06-18 00:00:00","Time In Light Sleep","4.73333311080933"
"2024-06-18 00:00:00","Time In REM Sleep","1.53333330154419"
"2024-06-18 00:00:00","Time Awake","0.133333340287209"
"2024-06-18 08:19:28","Weight Kilograms","79.00"
"2024-06-19 00:00:00","Sleep Hours","9.58"
"2024-06-19 00:00:00","Time In Deep Sleep","2"
"2024-06-19 00:00:00","Time In Light Sleep","5.53333330154419"
"2024-06-19 00:00:00","Time In REM Sleep","2.04999995231628"
"2024-06-19 00:00:00","Time Awake","0.200000002980232"
"2024-06-19 00:00:00","Pulse","48"
"2024-06-19 00:00:00","Stress Level","Max : 87 / Avg : 23"
"2024-06-19 00:00:00","Stress Qualifier","balanced"
"2024-06-19 00:00:00","Body Battery","Min : 32 / Max : 90 / Avg : 65"
"2024-06-19 08:50:00","Weight Kilograms","78.20"
"2024-06-20 00:00:00","Pulse","51"
"2024-06-20 00:00:00","Stress Level","Max : 89 / Avg : 24"
"2024-06-20 00:00:00","Stress Qualifier","calm"
"2024-06-20 00:00:00","Body Battery","Min : 30 / Max : 87 / Avg : 56"
"2024-06-20 00:00:00","Sleep Hours","7.55"
"2024-06-20 00:00:00","Time In Deep Sleep","1.08333337306976"
"2024-06-20 00:00:00","Time In Light Sleep","5.53333330154419"
"2024-06-20 00:00:00","Time In REM Sleep","0.933333337306976"
"2024-06-20 00:00:00","Time Awake","0"
"2024-06-20 09:24:07","Weight Kilograms","79.00"
"2024-06-20 09:31:18","Weight Kilograms","78.50"
"2024-06-21 00:00:00","Sleep Hours","8.93"
"2024-06-21 00:00:00","Time In Deep Sleep","0.983333349227905"
"2024-06-21 00:00:00","Time In Light Sleep","6.48333311080933"
"2024-06-21 00:00:00","Time In REM Sleep","1.46666669845581"
"2024-06-21 00:00:00","Time Awake","0.183333337306976"
"2024-06-21 00:00:00","Pulse","51"
"2024-06-21 00:00:00","Stress Level","Max : 87 / Avg : 23"
"2024-06-21 00:00:00","Stress Qualifier","calm"
"2024-06-21 00:00:00","Body Battery","Min : 38 / Max : 88 / Avg : 63"
"2024-06-21 08:39:19","Weight Kilograms","78.70"
"2024-06-22 00:00:00","Sleep Hours","10.55"
"2024-06-22 00:00:00","Time In Deep Sleep","0.983333349227905"
"2024-06-22 00:00:00","Time In Light Sleep","7.90000009536743"
"2024-06-22 00:00:00","Time In REM Sleep","1.66666662693024"
"2024-06-22 00:00:00","Time Awake","0.216666668653488"
"2024-06-22 00:00:00","Pulse","48"
"2024-06-22 00:00:00","Stress Level","Max : 93 / Avg : 25"
"2024-06-22 00:00:00","Stress Qualifier","balanced"
"2024-06-22 00:00:00","Body Battery","Min : 32 / Max : 94 / Avg : 67"
"2024-06-22 09:49:22","Weight Kilograms","78.90"
"2024-06-23 00:00:00","Pulse","52"
"2024-06-23 00:00:00","Stress Level","Max : 87 / Avg : 30"
"2024-06-23 00:00:00","Stress Qualifier","stressful"
"2024-06-23 00:00:00","Body Battery","Min : 7 / Max : 53 / Avg : 30"
"2024-06-23 00:00:00","Sleep Hours","5.95"
"2024-06-23 00:00:00","Time In Deep Sleep","0.966666638851166"
"2024-06-23 00:00:00","Time In Light Sleep","4.98333311080933"
"2024-06-23 00:00:00","Time In REM Sleep","0"
"2024-06-23 00:00:00","Time Awake","1.08333337306976"
"2024-06-23 07:27:12","Weight Kilograms","78.90"
"2024-06-24 00:00:00","Sleep Hours","8.28"
"2024-06-24 00:00:00","Time In Deep Sleep","1.16666662693024"
"2024-06-24 00:00:00","Time In Light Sleep","5.63333320617676"
"2024-06-24 00:00:00","Time In REM Sleep","1.48333334922791"
"2024-06-24 00:00:00","Time Awake","0.0666666701436043"
"2024-06-24 00:00:00","Pulse","52"
"2024-06-24 00:00:00","Stress Level","Max : 92 / Avg : 24"
"2024-06-24 00:00:00","Stress Qualifier","balanced"
"2024-06-24 00:00:00","Body Battery","Min : 14 / Max : 61 / Avg : 38"
"2024-06-24 07:39:50","Weight Kilograms","78.70"
"2024-06-25 00:00:00","Sleep Hours","7.78"
"2024-06-25 00:00:00","Time In Deep Sleep","0.899999976158142"
"2024-06-25 00:00:00","Time In Light Sleep","5.71666669845581"
"2024-06-25 00:00:00","Time In REM Sleep","1.16666662693024"
"2024-06-25 00:00:00","Time Awake","0.0166666675359011"
"2024-06-25 00:00:00","Pulse","50"
"2024-06-25 00:00:00","Stress Level","Max : 96 / Avg : 20"
"2024-06-25 00:00:00","Stress Qualifier","calm"
"2024-06-25 00:00:00","Body Battery","Min : 28 / Max : 97 / Avg : 61"
"2024-06-25 12:09:19","Weight Kilograms","79.00"
"2024-06-26 00:00:00","Sleep Hours","8.39"
"2024-06-26 00:00:00","Time In Deep Sleep","1.20000004768372"
"2024-06-26 00:00:00","Time In Light Sleep","5.80000019073486"
"2024-06-26 00:00:00","Time In REM Sleep","1.38944447040558"
"2024-06-26 00:00:00","Time Awake","0.0500000007450581"
"2024-06-26 00:00:00","Pulse","49"
"2024-06-26 00:00:00","Stress Level","Max : 77 / Avg : 16"
"2024-06-26 00:00:00","Stress Qualifier","calm"
"2024-06-26 00:00:00","Body Battery","Min : 40 / Max : 95 / Avg : 71"
"2024-06-26 07:12:01","Weight Kilograms","79.10"
"2024-06-27 00:00:00","Sleep Hours","10.25"
"2024-06-27 00:00:00","Time In Deep Sleep","0.75"
"2024-06-27 00:00:00","Time In Light Sleep","7.38333320617676"
"2024-06-27 00:00:00","Time In REM Sleep","2.11666655540466"
"2024-06-27 00:00:00","Time Awake","0.483333319425583"
"2024-06-27 00:00:00","Pulse","48"
"2024-06-27 00:00:00","Stress Level","Max : 99 / Avg : 17"
"2024-06-27 00:00:00","Stress Qualifier","calm"
"2024-06-27 00:00:00","Body Battery","Min : 47 / Max : 100 / Avg : 79"
"2024-06-28 00:00:00","Sleep Hours","9.92"
"2024-06-28 00:00:00","Time In Deep Sleep","0.866666674613953"
"2024-06-28 00:00:00","Time In Light Sleep","7.46666669845581"
"2024-06-28 00:00:00","Time In REM Sleep","1.58333337306976"
"2024-06-28 00:00:00","Time Awake","0.833333313465118"
"2024-06-28 00:00:00","Pulse","49"
"2024-06-28 00:00:00","Stress Level","Max : 94 / Avg : 16"
"2024-06-28 00:00:00","Stress Qualifier","calm"
"2024-06-28 00:00:00","Body Battery","Min : 46 / Max : 100 / Avg : 78"
"2024-06-28 08:36:32","Weight Kilograms","79.50"
"2024-06-29 00:00:00","Pulse","49"
"2024-06-29 00:00:00","Stress Level","Max : 97 / Avg : 19"
"2024-06-29 00:00:00","Stress Qualifier","calm"
"2024-06-29 00:00:00","Body Battery","Min : 42 / Max : 90 / Avg : 68"
"2024-06-29 00:00:00","Sleep Hours","8.08"
"2024-06-29 00:00:00","Time In Deep Sleep","1.26666665077209"
"2024-06-29 00:00:00","Time In Light Sleep","4.96666669845581"
"2024-06-29 00:00:00","Time In REM Sleep","1.85000002384186"
"2024-06-29 00:00:00","Time Awake","0.466666668653488"
"2024-06-29 09:39:41","Weight Kilograms","79.00"
"2024-06-30 00:00:00","Sleep Hours","9.85"
"2024-06-30 00:00:00","Time In Deep Sleep","2.40000009536743"
"2024-06-30 00:00:00","Time In Light Sleep","5.30000019073486"
"2024-06-30 00:00:00","Time In REM Sleep","2.15000009536743"
"2024-06-30 00:00:00","Time Awake","0.483333319425583"
"2024-06-30 00:00:00","Pulse","46"
"2024-06-30 00:00:00","Stress Level","Max : 99 / Avg : 23"
"2024-06-30 00:00:00","Stress Qualifier","balanced"
"2024-06-30 00:00:00","Body Battery","Min : 30 / Max : 100 / Avg : 67"
"2024-06-30 09:23:40","Weight Kilograms","78.20"
"2024-07-01 00:00:00","Sleep Hours","7.27"
"2024-07-01 00:00:00","Time In Deep Sleep","0.666666686534882"
"2024-07-01 00:00:00","Time In Light Sleep","6.15000009536743"
"2024-07-01 00:00:00","Time In REM Sleep","0.449999988079071"
"2024-07-01 00:00:00","Time Awake","0.333333343267441"
"2024-07-01 00:00:00","Pulse","49"
"2024-07-01 00:00:00","Stress Level","Max : 80 / Avg : 18"
"2024-07-01 00:00:00","Stress Qualifier","calm"
"2024-07-01 00:00:00","Body Battery","Min : 32 / Max : 78 / Avg : 60"
"2024-07-01 06:42:49","Weight Kilograms","78.00"
"2024-07-02 00:00:00","Body Battery","Min : 63 / Max : 100 / Avg : 92"
"2024-07-02 00:00:00","Pulse","45"
"2024-07-02 00:00:00","Sleep Hours","9.61"
"2024-07-02 00:00:00","Stress Level","Max : 28 / Avg : 9"
"2024-07-02 00:00:00","Stress Qualifier","unknown"
"2024-07-02 00:00:00","Time In Deep Sleep","1.38333332538605"
"2024-07-02 00:00:00","Time In Light Sleep","6.29166650772095"
"2024-07-02 00:00:00","Time In REM Sleep","1.93333327770233"
"2024-07-02 00:00:00","Time Awake","0.133333340287209"
"2024-07-02 00:00:00","Sleep Hours","9.70"
"2024-07-02 00:00:00","Time In Deep Sleep","2.15000009536743"
"2024-07-02 00:00:00","Time In Light Sleep","5.46666669845581"
"2024-07-02 00:00:00","Time In REM Sleep","2.08333325386047"
"2024-07-02 00:00:00","Time Awake","0.0333333350718021"
"2024-07-02 00:00:00","Pulse","45"
"2024-07-02 00:00:00","Stress Level","Max : 92 / Avg : 15"
"2024-07-02 00:00:00","Stress Qualifier","calm"
"2024-07-02 00:00:00","Body Battery","Min : 50 / Max : 100 / Avg : 77"
"2024-07-03 00:00:00","Pulse","45"
"2024-07-03 00:00:00","Stress Level","Max : 82 / Avg : 15"
"2024-07-03 00:00:00","Stress Qualifier","calm"
"2024-07-03 00:00:00","Body Battery","Min : 45 / Max : 100 / Avg : 73"
"2024-07-03 08:37:14","Weight Kilograms","79.00"
"2024-07-04 00:00:00","Sleep Hours","9.45"
"2024-07-04 00:00:00","Time In Deep Sleep","1.45000004768372"
"2024-07-04 00:00:00","Time In Light Sleep","5.31666660308838"
"2024-07-04 00:00:00","Time In REM Sleep","2.68333339691162"
"2024-07-04 00:00:00","Time Awake","0.0666666701436043"
"2024-07-04 00:00:00","Pulse","46"
"2024-07-04 00:00:00","Stress Level","Max : 71 / Avg : 15"
"2024-07-04 00:00:00","Stress Qualifier","calm"
"2024-07-04 00:00:00","Body Battery","Min : 39 / Max : 100 / Avg : 78"
"2024-07-05 00:00:00","Pulse","48"
"2024-07-05 00:00:00","Stress Level","Max : 98 / Avg : 22"
"2024-07-05 00:00:00","Stress Qualifier","balanced"
"2024-07-05 00:00:00","Body Battery","Min : 21 / Max : 83 / Avg : 50"
"2024-07-06 00:00:00","Body Battery","Min : 25 / Max : 97 / Avg : 63"
"2024-07-06 00:00:00","Pulse","47"
"2024-07-06 00:00:00","Sleep Hours","9.14"
"2024-07-06 00:00:00","Stress Level","Max : 96 / Avg : 22"
"2024-07-06 00:00:00","Stress Qualifier","balanced"
"2024-07-06 00:00:00","Time In Deep Sleep","1.06666672229767"
"2024-07-06 00:00:00","Time In Light Sleep","6.17444467544556"
"2024-07-06 00:00:00","Time In REM Sleep","1.89999997615814"
"2024-07-06 00:00:00","Time Awake","0.449999988079071"
"2024-07-06 04:55:38","Weight Kilograms","78.70"
"2024-07-06 09:15:51","Weight Kilograms","78.40"
"2024-07-07 00:00:00","Sleep Hours","8.20"
"2024-07-07 00:00:00","Time In Deep Sleep","1.43333327770233"
"2024-07-07 00:00:00","Time In Light Sleep","5.48083353042603"
"2024-07-07 00:00:00","Time In REM Sleep","1.28333330154419"
"2024-07-07 00:00:00","Time Awake","0.183333337306976"
"2024-07-07 00:00:00","Pulse","47"
"2024-07-07 00:00:00","Stress Level","Max : 87 / Avg : 24"
"2024-07-07 00:00:00","Stress Qualifier","balanced"
"2024-07-07 00:00:00","Body Battery","Min : 14 / Max : 99 / Avg : 53"
"2024-07-07 08:09:16","Weight Kilograms","78.60"
"2024-07-08 00:00:00","Sleep Hours","9.50"
"2024-07-08 00:00:00","Time In Deep Sleep","0.533333361148834"
"2024-07-08 00:00:00","Time In Light Sleep","8.18333339691162"
"2024-07-08 00:00:00","Time In REM Sleep","0.783333361148834"
"2024-07-08 00:00:00","Time Awake","0.916666686534882"
"2024-07-08 00:00:00","Pulse","49"
"2024-07-08 00:00:00","Stress Level","Max : 99 / Avg : 16"
"2024-07-08 00:00:00","Stress Qualifier","calm"
"2024-07-08 00:00:00","Body Battery","Min : 17 / Max : 84 / Avg : 64"
"2024-07-08 09:17:33","Weight Kilograms","78.50"
"2024-07-09 00:00:00","Sleep Hours","7.25"
"2024-07-09 00:00:00","Time In Deep Sleep","0.916666686534882"
"2024-07-09 00:00:00","Time In Light Sleep","5.13333320617676"
"2024-07-09 00:00:00","Time In REM Sleep","1.20000004768372"
"2024-07-09 00:00:00","Time Awake","0.0500000007450581"
"2024-07-09 00:00:00","Pulse","48"
"2024-07-09 00:00:00","Stress Level","Max : 99 / Avg : 16"
"2024-07-09 00:00:00","Stress Qualifier","calm"
"2024-07-09 00:00:00","Body Battery","Min : 44 / Max : 100 / Avg : 73"
"2024-07-09 06:38:11","Weight Kilograms","79.70"
"2024-07-10 00:00:00","Sleep Hours","8.22"
"2024-07-10 00:00:00","Time In Deep Sleep","1.20000004768372"
"2024-07-10 00:00:00","Time In Light Sleep","5.75"
"2024-07-10 00:00:00","Time In REM Sleep","1.26666665077209"
"2024-07-10 00:00:00","Time Awake","0"
"2024-07-10 00:00:00","Pulse","48"
"2024-07-10 00:00:00","Stress Level","Max : 91 / Avg : 19"
"2024-07-10 00:00:00","Stress Qualifier","calm"
"2024-07-10 00:00:00","Body Battery","Min : 27 / Max : 100 / Avg : 68"
"2024-07-10 08:03:40","Weight Kilograms","79.30"
"2024-07-11 00:00:00","Pulse","49"
"2024-07-11 00:00:00","Stress Level","Max : 99 / Avg : 19"
"2024-07-11 00:00:00","Stress Qualifier","calm"
"2024-07-11 00:00:00","Body Battery","Min : 26 / Max : 85 / Avg : 53"
"2024-07-11 00:00:00","Sleep Hours","8.57"
"2024-07-11 00:00:00","Time In Deep Sleep","1.86666667461395"
"2024-07-11 00:00:00","Time In Light Sleep","4.78333330154419"
"2024-07-11 00:00:00","Time In REM Sleep","1.26666665077209"
"2024-07-11 00:00:00","Time Awake","0.0333333350718021"
"2024-07-11 06:30:31","Weight Kilograms","78.60"
"2024-07-12 00:00:00","Sleep Hours","8.39"
"2024-07-12 00:00:00","Time In Deep Sleep","1.31666672229767"
"2024-07-12 00:00:00","Time In Light Sleep","5.19999980926514"
"2024-07-12 00:00:00","Time In REM Sleep","1.8761111497879"
"2024-07-12 00:00:00","Time Awake","0.0166666675359011"
"2024-07-12 00:00:00","Pulse","45"
"2024-07-12 00:00:00","Stress Level","Max : 75 / Avg : 12"
"2024-07-12 00:00:00","Stress Qualifier","calm"
"2024-07-12 00:00:00","Body Battery","Min : 54 / Max : 100 / Avg : 79"
"2024-07-12 06:23:04","Weight Kilograms","78.60"
"2024-07-13 00:00:00","Body Battery","Min : 56 / Max : 100 / Avg : 79"
"2024-07-13 00:00:00","Pulse","45"
"2024-07-13 00:00:00","Sleep Hours","10.03"
"2024-07-13 00:00:00","Stress Level","Max : 72 / Avg : 13"
"2024-07-13 00:00:00","Stress Qualifier","calm"
"2024-07-13 00:00:00","Time In Deep Sleep","1.45000004768372"
"2024-07-13 00:00:00","Time In Light Sleep","6.59527778625488"
"2024-07-13 00:00:00","Time In REM Sleep","1.75"
"2024-07-13 00:00:00","Time Awake","0.233333334326744"
"2024-07-13 08:41:16","Weight Kilograms","79.30"
"2024-07-14 00:00:00","Sleep Hours","8.75"
"2024-07-14 00:00:00","Time In Deep Sleep","1.5"
"2024-07-14 00:00:00","Time In Light Sleep","5.68333339691162"
"2024-07-14 00:00:00","Time In REM Sleep","1.56666672229767"
"2024-07-14 00:00:00","Time Awake","0.400000005960464"
"2024-07-14 00:00:00","Pulse","46"
"2024-07-14 00:00:00","Stress Level","Max : 100 / Avg : 23"
"2024-07-14 00:00:00","Stress Qualifier","balanced"
"2024-07-14 00:00:00","Body Battery","Min : 29 / Max : 100 / Avg : 65"
"2024-07-14 07:48:08","Weight Kilograms","78.70"
"2024-07-14 09:03:13","Weight Kilograms","79.00"
"2024-07-15 00:00:00","Sleep Hours","8.00"
"2024-07-15 00:00:00","Time In Deep Sleep","1.03333330154419"
"2024-07-15 00:00:00","Time In Light Sleep","6.09999990463257"
"2024-07-15 00:00:00","Time In REM Sleep","0.866666674613953"
"2024-07-15 00:00:00","Time Awake","1.71666669845581"
"2024-07-15 00:00:00","Pulse","48"
"2024-07-15 00:00:00","Stress Level","Max : 97 / Avg : 17"
"2024-07-15 00:00:00","Stress Qualifier","calm"
"2024-07-15 00:00:00","Body Battery","Min : 34 / Max : 88 / Avg : 68"
"2024-07-15 08:11:23","Weight Kilograms","79.20"
"2024-07-16 00:00:00","Pulse","46"
"2024-07-16 00:00:00","Stress Level","Max : 77 / Avg : 16"
"2024-07-16 00:00:00","Stress Qualifier","calm"
"2024-07-16 00:00:00","Body Battery","Min : 46 / Max : 98 / Avg : 72"
"2024-07-16 00:00:00","Sleep Hours","6.52"
"2024-07-16 00:00:00","Time In Deep Sleep","0.683333337306976"
"2024-07-16 00:00:00","Time In Light Sleep","4.77305555343628"
"2024-07-16 00:00:00","Time In REM Sleep","1.06666672229767"
"2024-07-16 00:00:00","Time Awake","0.16666667163372"
"2024-07-16 07:13:34","Weight Kilograms","78.60"
"2024-07-17 00:00:00","Sleep Hours","9.93"
"2024-07-17 00:00:00","Time In Deep Sleep","1.56666672229767"
"2024-07-17 00:00:00","Time In Light Sleep","5.88333320617676"
"2024-07-17 00:00:00","Time In REM Sleep","2.48333334922791"
"2024-07-17 00:00:00","Time Awake","0.966666638851166"
"2024-07-17 00:00:00","Pulse","47"
"2024-07-17 00:00:00","Stress Level","Max : 32 / Avg : 13"
"2024-07-17 00:00:00","Stress Qualifier","unknown"
"2024-07-17 00:00:00","Body Battery","Min : 53 / Max : 100 / Avg : 86"
"2024-07-17 06:54:05","Weight Kilograms","78.50"
"2024-07-17 09:28:17","Weight Kilograms","78.30"
